test_case,solver,T_start,alpha,T_end,iter_per_T,run_id,f_days,Z_slots,runtime_s,valid
TC_01,SA,50.0,0.9,0.1,10,1,31,121,0.917,true
TC_01,SA,50.0,0.9,0.1,10,2,31,121,0.736,true
TC_01,SA,50.0,0.9,0.1,10,3,31,121,0.908,true
TC_01,SA,50.0,0.9,0.1,10,4,31,121,0.841,true
TC_01,SA,50.0,0.9,0.1,10,5,31,121,1.071,true
TC_01,SA,50.0,0.95,0.1,10,1,31,121,1.192,true
TC_01,SA,50.0,0.95,0.1,10,2,31,121,0.989,true
TC_01,SA,50.0,0.95,0.1,10,3,31,121,1.095,true
TC_01,SA,50.0,0.95,0.1,10,4,31,121,1.028,true
TC_01,SA,50.0,0.95,0.1,10,5,31,121,0.85,true
TC_01,SA,50.0,0.99,0.1,10,1,31,121,1.035,true
TC_01,SA,50.0,0.99,0.1,10,2,31,121,1.046,true
TC_01,SA,50.0,0.99,0.1,10,3,31,121,1.1,true
TC_01,SA,50.0,0.99,0.1,10,4,31,121,1.016,true
TC_01,SA,50.0,0.99,0.1,10,5,31,121,1.002,true
TC_01,SA,50.0,0.999,0.1,10,1,31,121,1.11,true
TC_01,SA,50.0,0.999,0.1,10,2,31,121,1.175,true
TC_01,SA,50.0,0.999,0.1,10,3,31,121,1.136,true
TC_01,SA,50.0,0.999,0.1,10,4,31,121,1.237,true
TC_01,SA,50.0,0.999,0.1,10,5,31,121,1.513,true
TC_01,SA,100.0,0.9,0.1,10,1,31,121,1.082,true
TC_01,SA,100.0,0.9,0.1,10,2,31,121,1.239,true
TC_01,SA,100.0,0.9,0.1,10,3,31,121,1.321,true
TC_01,SA,100.0,0.9,0.1,10,4,31,121,1.224,true
TC_01,SA,100.0,0.9,0.1,10,5,31,121,1.252,true
TC_01,SA,100.0,0.95,0.1,10,1,31,121,1.221,true
TC_01,SA,100.0,0.95,0.1,10,2,31,121,1.178,true
TC_01,SA,100.0,0.95,0.1,10,3,31,121,1.236,true
TC_01,SA,100.0,0.95,0.1,10,4,31,121,1.069,true
TC_01,SA,100.0,0.95,0.1,10,5,31,121,1.205,true
TC_01,SA,100.0,0.99,0.1,10,1,31,121,1.138,true
TC_01,SA,100.0,0.99,0.1,10,2,31,121,1.275,true
TC_01,SA,100.0,0.99,0.1,10,3,31,121,1.177,true
TC_01,SA,100.0,0.99,0.1,10,4,31,121,1.372,true
TC_01,SA,100.0,0.99,0.1,10,5,31,121,1.027,true
TC_01,SA,100.0,0.999,0.1,10,1,31,121,1.312,true
TC_01,SA,100.0,0.999,0.1,10,2,31,121,1.354,true
TC_01,SA,100.0,0.999,0.1,10,3,31,121,1.426,true
TC_01,SA,100.0,0.999,0.1,10,4,31,121,1.26,true
TC_01,SA,100.0,0.999,0.1,10,5,31,121,1.411,true
TC_01,SA,200.0,0.9,0.1,10,1,31,121,0.918,true
TC_01,SA,200.0,0.9,0.1,10,2,31,121,1.133,true
TC_01,SA,200.0,0.9,0.1,10,3,31,121,1.215,true
TC_01,SA,200.0,0.9,0.1,10,4,31,121,1.165,true
TC_01,SA,200.0,0.9,0.1,10,5,31,121,1.065,true
TC_01,SA,200.0,0.95,0.1,10,1,31,121,0.838,true
TC_01,SA,200.0,0.95,0.1,10,2,31,121,0.905,true
TC_01,SA,200.0,0.95,0.1,10,3,31,121,1.05,true
TC_01,SA,200.0,0.95,0.1,10,4,31,121,0.94,true
TC_01,SA,200.0,0.95,0.1,10,5,31,121,1.073,true
TC_01,SA,200.0,0.99,0.1,10,1,31,121,1.215,true
TC_01,SA,200.0,0.99,0.1,10,2,31,121,1.087,true
TC_01,SA,200.0,0.99,0.1,10,3,31,121,1.188,true
TC_01,SA,200.0,0.99,0.1,10,4,31,121,0.953,true
TC_01,SA,200.0,0.99,0.1,10,5,31,121,1.181,true
TC_01,SA,200.0,0.999,0.1,10,1,31,121,1.527,true
TC_01,SA,200.0,0.999,0.1,10,2,31,121,1.416,true
TC_01,SA,200.0,0.999,0.1,10,3,31,121,1.615,true
TC_01,SA,200.0,0.999,0.1,10,4,31,121,1.469,true
TC_01,SA,200.0,0.999,0.1,10,5,31,121,1.558,true
TC_02,SA,50.0,0.9,0.1,10,1,19,74,0.199,true
TC_02,SA,50.0,0.9,0.1,10,2,19,74,0.193,true
TC_02,SA,50.0,0.9,0.1,10,3,19,74,0.252,true
TC_02,SA,50.0,0.9,0.1,10,4,19,74,0.262,true
TC_02,SA,50.0,0.9,0.1,10,5,19,74,0.239,true
TC_02,SA,50.0,0.95,0.1,10,1,19,74,0.246,true
TC_02,SA,50.0,0.95,0.1,10,2,19,74,0.191,true
TC_02,SA,50.0,0.95,0.1,10,3,19,74,0.22,true
TC_02,SA,50.0,0.95,0.1,10,4,19,74,0.176,true
TC_02,SA,50.0,0.95,0.1,10,5,19,74,0.243,true
TC_02,SA,50.0,0.99,0.1,10,1,19,74,0.271,true
TC_02,SA,50.0,0.99,0.1,10,2,19,74,0.218,true
TC_02,SA,50.0,0.99,0.1,10,3,19,74,0.234,true
TC_02,SA,50.0,0.99,0.1,10,4,19,74,0.237,true
TC_02,SA,50.0,0.99,0.1,10,5,19,74,0.206,true
TC_02,SA,50.0,0.999,0.1,10,1,19,74,0.336,true
TC_02,SA,50.0,0.999,0.1,10,2,19,74,0.328,true
TC_02,SA,50.0,0.999,0.1,10,3,19,74,0.372,true
TC_02,SA,50.0,0.999,0.1,10,4,19,74,0.381,true
TC_02,SA,50.0,0.999,0.1,10,5,19,74,0.345,true
TC_02,SA,100.0,0.9,0.1,10,1,19,74,0.272,true
TC_02,SA,100.0,0.9,0.1,10,2,19,74,0.196,true
TC_02,SA,100.0,0.9,0.1,10,3,19,74,0.221,true
TC_02,SA,100.0,0.9,0.1,10,4,19,74,0.273,true
TC_02,SA,100.0,0.9,0.1,10,5,19,74,0.201,true
TC_02,SA,100.0,0.95,0.1,10,1,19,74,0.27,true
TC_02,SA,100.0,0.95,0.1,10,2,19,74,0.23,true
TC_02,SA,100.0,0.95,0.1,10,3,19,74,0.278,true
TC_02,SA,100.0,0.95,0.1,10,4,19,74,0.284,true
TC_02,SA,100.0,0.95,0.1,10,5,19,74,0.219,true
TC_02,SA,100.0,0.99,0.1,10,1,19,74,0.243,true
TC_02,SA,100.0,0.99,0.1,10,2,19,74,0.213,true
TC_02,SA,100.0,0.99,0.1,10,3,19,74,0.208,true
TC_02,SA,100.0,0.99,0.1,10,4,19,74,0.287,true
TC_02,SA,100.0,0.99,0.1,10,5,19,74,0.218,true
TC_02,SA,100.0,0.999,0.1,10,1,19,74,0.4,true
TC_02,SA,100.0,0.999,0.1,10,2,19,74,0.33,true
TC_02,SA,100.0,0.999,0.1,10,3,19,74,0.393,true
TC_02,SA,100.0,0.999,0.1,10,4,19,74,0.368,true
TC_02,SA,100.0,0.999,0.1,10,5,19,74,0.346,true
TC_02,SA,200.0,0.9,0.1,10,1,19,74,0.194,true
TC_02,SA,200.0,0.9,0.1,10,2,19,74,0.276,true
TC_02,SA,200.0,0.9,0.1,10,3,19,74,0.245,true
TC_02,SA,200.0,0.9,0.1,10,4,19,74,0.233,true
TC_02,SA,200.0,0.9,0.1,10,5,19,74,0.212,true
TC_02,SA,200.0,0.95,0.1,10,1,19,74,0.209,true
TC_02,SA,200.0,0.95,0.1,10,2,19,74,0.202,true
TC_02,SA,200.0,0.95,0.1,10,3,19,74,0.257,true
TC_02,SA,200.0,0.95,0.1,10,4,19,74,0.244,true
TC_02,SA,200.0,0.95,0.1,10,5,19,74,0.28,true
TC_02,SA,200.0,0.99,0.1,10,1,19,74,0.24,true
TC_02,SA,200.0,0.99,0.1,10,2,19,74,0.273,true
TC_02,SA,200.0,0.99,0.1,10,3,19,74,0.23,true
TC_02,SA,200.0,0.99,0.1,10,4,19,74,0.26,true
TC_02,SA,200.0,0.99,0.1,10,5,19,74,0.236,true
TC_02,SA,200.0,0.999,0.1,10,1,19,74,0.503,true
TC_02,SA,200.0,0.999,0.1,10,2,19,74,0.341,true
TC_02,SA,200.0,0.999,0.1,10,3,19,74,0.383,true
TC_02,SA,200.0,0.999,0.1,10,4,19,74,0.457,true
TC_02,SA,200.0,0.999,0.1,10,5,19,74,0.472,true
TC_03,SA,50.0,0.9,0.1,10,1,30,119,0.992,true
TC_03,SA,50.0,0.9,0.1,10,2,30,119,0.968,true
TC_03,SA,50.0,0.9,0.1,10,3,30,119,0.945,true
TC_03,SA,50.0,0.9,0.1,10,4,30,119,1.08,true
TC_03,SA,50.0,0.9,0.1,10,5,30,119,1.169,true
TC_03,SA,50.0,0.95,0.1,10,1,30,119,1.018,true
TC_03,SA,50.0,0.95,0.1,10,2,30,119,1.181,true
TC_03,SA,50.0,0.95,0.1,10,3,30,119,1.236,true
TC_03,SA,50.0,0.95,0.1,10,4,30,119,1.065,true
TC_03,SA,50.0,0.95,0.1,10,5,30,119,1.087,true
TC_03,SA,50.0,0.99,0.1,10,1,30,119,1.152,true
TC_03,SA,50.0,0.99,0.1,10,2,30,119,1.01,true
TC_03,SA,50.0,0.99,0.1,10,3,30,119,1.218,true
TC_03,SA,50.0,0.99,0.1,10,4,30,119,1.078,true
TC_03,SA,50.0,0.99,0.1,10,5,30,119,1.152,true
TC_03,SA,50.0,0.999,0.1,10,1,30,119,1.402,true
TC_03,SA,50.0,0.999,0.1,10,2,30,119,1.142,true
TC_03,SA,50.0,0.999,0.1,10,3,30,119,1.419,true
TC_03,SA,50.0,0.999,0.1,10,4,30,119,1.375,true
TC_03,SA,50.0,0.999,0.1,10,5,30,119,1.331,true
TC_03,SA,100.0,0.9,0.1,10,1,30,119,0.94,true
TC_03,SA,100.0,0.9,0.1,10,2,30,119,0.972,true
TC_03,SA,100.0,0.9,0.1,10,3,30,119,1.023,true
TC_03,SA,100.0,0.9,0.1,10,4,30,119,1.058,true
TC_03,SA,100.0,0.9,0.1,10,5,30,119,0.979,true
TC_03,SA,100.0,0.95,0.1,10,1,30,119,1.038,true
TC_03,SA,100.0,0.95,0.1,10,2,30,119,1.065,true
TC_03,SA,100.0,0.95,0.1,10,3,30,119,1.157,true
TC_03,SA,100.0,0.95,0.1,10,4,30,119,1.128,true
TC_03,SA,100.0,0.95,0.1,10,5,30,119,1.098,true
TC_03,SA,100.0,0.99,0.1,10,1,30,119,1.165,true
TC_03,SA,100.0,0.99,0.1,10,2,30,119,0.963,true
TC_03,SA,100.0,0.99,0.1,10,3,30,119,0.993,true
TC_03,SA,100.0,0.99,0.1,10,4,30,119,1.104,true
TC_03,SA,100.0,0.99,0.1,10,5,30,119,1.112,true
TC_03,SA,100.0,0.999,0.1,10,1,30,119,1.405,true
TC_03,SA,100.0,0.999,0.1,10,2,30,119,1.483,true
TC_03,SA,100.0,0.999,0.1,10,3,30,119,1.543,true
TC_03,SA,100.0,0.999,0.1,10,4,30,119,1.468,true
TC_03,SA,100.0,0.999,0.1,10,5,30,119,1.307,true
TC_03,SA,200.0,0.9,0.1,10,1,30,119,1.066,true
TC_03,SA,200.0,0.9,0.1,10,2,30,119,0.964,true
TC_03,SA,200.0,0.9,0.1,10,3,30,119,1.076,true
TC_03,SA,200.0,0.9,0.1,10,4,30,119,0.946,true
TC_03,SA,200.0,0.9,0.1,10,5,30,119,1.1,true
TC_03,SA,200.0,0.95,0.1,10,1,30,119,1.034,true
TC_03,SA,200.0,0.95,0.1,10,2,30,119,1.085,true
TC_03,SA,200.0,0.95,0.1,10,3,30,119,1.134,true
TC_03,SA,200.0,0.95,0.1,10,4,30,119,1.02,true
TC_03,SA,200.0,0.95,0.1,10,5,30,119,1.192,true
TC_03,SA,200.0,0.99,0.1,10,1,30,119,1.02,true
TC_03,SA,200.0,0.99,0.1,10,2,30,119,1.09,true
TC_03,SA,200.0,0.99,0.1,10,3,30,119,1.25,true
TC_03,SA,200.0,0.99,0.1,10,4,30,119,1.013,true
TC_03,SA,200.0,0.99,0.1,10,5,30,119,0.913,true
TC_03,SA,200.0,0.999,0.1,10,1,30,119,1.482,true
TC_03,SA,200.0,0.999,0.1,10,2,30,119,1.511,true
TC_03,SA,200.0,0.999,0.1,10,3,30,119,1.331,true
TC_03,SA,200.0,0.999,0.1,10,4,30,119,1.427,true
TC_03,SA,200.0,0.999,0.1,10,5,30,119,1.432,true
TC_04,SA,50.0,0.9,0.1,10,1,2,6,0.058,true
TC_04,SA,50.0,0.9,0.1,10,2,2,6,0.049,true
TC_04,SA,50.0,0.9,0.1,10,3,2,6,0.045,true
TC_04,SA,50.0,0.9,0.1,10,4,2,6,0.04,true
TC_04,SA,50.0,0.9,0.1,10,5,2,6,0.042,true
TC_04,SA,50.0,0.95,0.1,10,1,2,6,0.041,true
TC_04,SA,50.0,0.95,0.1,10,2,2,6,0.042,true
TC_04,SA,50.0,0.95,0.1,10,3,2,6,0.046,true
TC_04,SA,50.0,0.95,0.1,10,4,2,6,0.043,true
TC_04,SA,50.0,0.95,0.1,10,5,2,6,0.043,true
TC_04,SA,50.0,0.99,0.1,10,1,2,6,0.049,true
TC_04,SA,50.0,0.99,0.1,10,2,2,6,0.035,true
TC_04,SA,50.0,0.99,0.1,10,3,2,6,0.037,true
TC_04,SA,50.0,0.99,0.1,10,4,2,6,0.03,true
TC_04,SA,50.0,0.99,0.1,10,5,2,6,0.031,true
TC_04,SA,50.0,0.999,0.1,10,1,1,4,0.054,true
TC_04,SA,50.0,0.999,0.1,10,2,1,4,0.05,true
TC_04,SA,50.0,0.999,0.1,10,3,2,6,0.056,true
TC_04,SA,50.0,0.999,0.1,10,4,1,4,0.047,true
TC_04,SA,50.0,0.999,0.1,10,5,1,4,0.048,true
TC_04,SA,100.0,0.9,0.1,10,1,2,6,0.042,true
TC_04,SA,100.0,0.9,0.1,10,2,2,6,0.041,true
TC_04,SA,100.0,0.9,0.1,10,3,2,6,0.035,true
TC_04,SA,100.0,0.9,0.1,10,4,2,6,0.032,true
TC_04,SA,100.0,0.9,0.1,10,5,2,6,0.037,true
TC_04,SA,100.0,0.95,0.1,10,1,2,6,0.034,true
TC_04,SA,100.0,0.95,0.1,10,2,2,6,0.035,true
TC_04,SA,100.0,0.95,0.1,10,3,2,6,0.034,true
TC_04,SA,100.0,0.95,0.1,10,4,2,6,0.033,true
TC_04,SA,100.0,0.95,0.1,10,5,2,6,0.036,true
TC_04,SA,100.0,0.99,0.1,10,1,2,6,0.038,true
TC_04,SA,100.0,0.99,0.1,10,2,2,6,0.039,true
TC_04,SA,100.0,0.99,0.1,10,3,2,6,0.052,true
TC_04,SA,100.0,0.99,0.1,10,4,2,6,0.04,true
TC_04,SA,100.0,0.99,0.1,10,5,2,6,0.031,true
TC_04,SA,100.0,0.999,0.1,10,1,1,4,0.056,true
TC_04,SA,100.0,0.999,0.1,10,2,1,4,0.062,true
TC_04,SA,100.0,0.999,0.1,10,3,1,4,0.063,true
TC_04,SA,100.0,0.999,0.1,10,4,1,4,0.063,true
TC_04,SA,100.0,0.999,0.1,10,5,1,4,0.066,true
TC_04,SA,200.0,0.9,0.1,10,1,2,6,0.035,true
TC_04,SA,200.0,0.9,0.1,10,2,2,6,0.041,true
TC_04,SA,200.0,0.9,0.1,10,3,2,6,0.042,true
TC_04,SA,200.0,0.9,0.1,10,4,2,6,0.046,true
TC_04,SA,200.0,0.9,0.1,10,5,2,6,0.03,true
TC_04,SA,200.0,0.95,0.1,10,1,2,6,0.036,true
TC_04,SA,200.0,0.95,0.1,10,2,2,6,0.033,true
TC_04,SA,200.0,0.95,0.1,10,3,2,6,0.042,true
TC_04,SA,200.0,0.95,0.1,10,4,2,6,0.041,true
TC_04,SA,200.0,0.95,0.1,10,5,2,6,0.04,true
TC_04,SA,200.0,0.99,0.1,10,1,2,6,0.042,true
TC_04,SA,200.0,0.99,0.1,10,2,2,6,0.044,true
TC_04,SA,200.0,0.99,0.1,10,3,2,6,0.038,true
TC_04,SA,200.0,0.99,0.1,10,4,1,4,0.036,true
TC_04,SA,200.0,0.99,0.1,10,5,2,6,0.04,true
TC_04,SA,200.0,0.999,0.1,10,1,1,4,0.069,true
TC_04,SA,200.0,0.999,0.1,10,2,2,6,0.069,true
TC_04,SA,200.0,0.999,0.1,10,3,1,4,0.077,true
TC_04,SA,200.0,0.999,0.1,10,4,1,4,0.074,true
TC_04,SA,200.0,0.999,0.1,10,5,1,4,0.077,true
TC_05,SA,50.0,0.9,0.1,10,1,3,10,0.044,true
TC_05,SA,50.0,0.9,0.1,10,2,3,10,0.05,true
TC_05,SA,50.0,0.9,0.1,10,3,3,10,0.043,true
TC_05,SA,50.0,0.9,0.1,10,4,3,10,0.045,true
TC_05,SA,50.0,0.9,0.1,10,5,3,10,0.047,true
TC_05,SA,50.0,0.95,0.1,10,1,3,10,0.051,true
TC_05,SA,50.0,0.95,0.1,10,2,3,10,0.051,true
TC_05,SA,50.0,0.95,0.1,10,3,3,10,0.048,true
TC_05,SA,50.0,0.95,0.1,10,4,3,10,0.051,true
TC_05,SA,50.0,0.95,0.1,10,5,3,10,0.049,true
TC_05,SA,50.0,0.99,0.1,10,1,3,10,0.05,true
TC_05,SA,50.0,0.99,0.1,10,2,3,10,0.055,true
TC_05,SA,50.0,0.99,0.1,10,3,3,10,0.059,true
TC_05,SA,50.0,0.99,0.1,10,4,3,10,0.055,true
TC_05,SA,50.0,0.99,0.1,10,5,3,10,0.052,true
TC_05,SA,50.0,0.999,0.1,10,1,3,10,0.081,true
TC_05,SA,50.0,0.999,0.1,10,2,3,10,0.074,true
TC_05,SA,50.0,0.999,0.1,10,3,3,10,0.086,true
TC_05,SA,50.0,0.999,0.1,10,4,3,10,0.081,true
TC_05,SA,50.0,0.999,0.1,10,5,3,10,0.075,true
TC_05,SA,100.0,0.9,0.1,10,1,3,10,0.036,true
TC_05,SA,100.0,0.9,0.1,10,2,3,10,0.048,true
TC_05,SA,100.0,0.9,0.1,10,3,3,10,0.041,true
TC_05,SA,100.0,0.9,0.1,10,4,3,10,0.038,true
TC_05,SA,100.0,0.9,0.1,10,5,3,10,0.037,true
TC_05,SA,100.0,0.95,0.1,10,1,3,10,0.042,true
TC_05,SA,100.0,0.95,0.1,10,2,3,10,0.037,true
TC_05,SA,100.0,0.95,0.1,10,3,3,10,0.033,true
TC_05,SA,100.0,0.95,0.1,10,4,3,10,0.029,true
TC_05,SA,100.0,0.95,0.1,10,5,3,10,0.033,true
TC_05,SA,100.0,0.99,0.1,10,1,3,10,0.043,true
TC_05,SA,100.0,0.99,0.1,10,2,3,10,0.05,true
TC_05,SA,100.0,0.99,0.1,10,3,3,10,0.054,true
TC_05,SA,100.0,0.99,0.1,10,4,3,10,0.049,true
TC_05,SA,100.0,0.99,0.1,10,5,3,10,0.048,true
TC_05,SA,100.0,0.999,0.1,10,1,3,10,0.099,true
TC_05,SA,100.0,0.999,0.1,10,2,3,10,0.163,true
TC_05,SA,100.0,0.999,0.1,10,3,3,10,0.08,true
TC_05,SA,100.0,0.999,0.1,10,4,3,10,0.096,true
TC_05,SA,100.0,0.999,0.1,10,5,3,10,0.1,true
TC_05,SA,200.0,0.9,0.1,10,1,3,10,0.033,true
TC_05,SA,200.0,0.9,0.1,10,2,3,10,0.035,true
TC_05,SA,200.0,0.9,0.1,10,3,3,10,0.04,true
TC_05,SA,200.0,0.9,0.1,10,4,3,10,0.039,true
TC_05,SA,200.0,0.9,0.1,10,5,3,10,0.035,true
TC_05,SA,200.0,0.95,0.1,10,1,3,10,0.038,true
TC_05,SA,200.0,0.95,0.1,10,2,3,10,0.043,true
TC_05,SA,200.0,0.95,0.1,10,3,3,10,0.047,true
TC_05,SA,200.0,0.95,0.1,10,4,3,10,0.034,true
TC_05,SA,200.0,0.95,0.1,10,5,3,10,0.033,true
TC_05,SA,200.0,0.99,0.1,10,1,3,10,0.045,true
TC_05,SA,200.0,0.99,0.1,10,2,3,10,0.049,true
TC_05,SA,200.0,0.99,0.1,10,3,3,10,0.053,true
TC_05,SA,200.0,0.99,0.1,10,4,3,10,0.047,true
TC_05,SA,200.0,0.99,0.1,10,5,3,10,0.046,true
TC_05,SA,200.0,0.999,0.1,10,1,3,10,0.099,true
TC_05,SA,200.0,0.999,0.1,10,2,3,10,0.111,true
TC_05,SA,200.0,0.999,0.1,10,3,3,10,0.097,true
TC_05,SA,200.0,0.999,0.1,10,4,3,10,0.097,true
TC_05,SA,200.0,0.999,0.1,10,5,3,10,0.098,true
TC_06,SA,50.0,0.9,0.1,10,1,7,25,0.044,true
TC_06,SA,50.0,0.9,0.1,10,2,7,25,0.048,true
TC_06,SA,50.0,0.9,0.1,10,3,7,25,0.046,true
TC_06,SA,50.0,0.9,0.1,10,4,7,25,0.049,true
TC_06,SA,50.0,0.9,0.1,10,5,7,25,0.054,true
TC_06,SA,50.0,0.95,0.1,10,1,7,25,0.052,true
TC_06,SA,50.0,0.95,0.1,10,2,7,25,0.057,true
TC_06,SA,50.0,0.95,0.1,10,3,7,25,0.05,true
TC_06,SA,50.0,0.95,0.1,10,4,7,25,0.049,true
TC_06,SA,50.0,0.95,0.1,10,5,7,25,0.053,true
TC_06,SA,50.0,0.99,0.1,10,1,7,25,0.055,true
TC_06,SA,50.0,0.99,0.1,10,2,7,25,0.048,true
TC_06,SA,50.0,0.99,0.1,10,3,7,25,0.042,true
TC_06,SA,50.0,0.99,0.1,10,4,7,25,0.053,true
TC_06,SA,50.0,0.99,0.1,10,5,7,25,0.053,true
TC_06,SA,50.0,0.999,0.1,10,1,7,25,0.078,true
TC_06,SA,50.0,0.999,0.1,10,2,7,25,0.084,true
TC_06,SA,50.0,0.999,0.1,10,3,7,25,0.102,true
TC_06,SA,50.0,0.999,0.1,10,4,7,25,0.096,true
TC_06,SA,50.0,0.999,0.1,10,5,7,25,0.091,true
TC_06,SA,100.0,0.9,0.1,10,1,7,25,0.046,true
TC_06,SA,100.0,0.9,0.1,10,2,7,25,0.032,true
TC_06,SA,100.0,0.9,0.1,10,3,7,25,0.048,true
TC_06,SA,100.0,0.9,0.1,10,4,7,25,0.054,true
TC_06,SA,100.0,0.9,0.1,10,5,7,25,0.04,true
TC_06,SA,100.0,0.95,0.1,10,1,7,25,0.042,true
TC_06,SA,100.0,0.95,0.1,10,2,7,25,0.036,true
TC_06,SA,100.0,0.95,0.1,10,3,7,25,0.033,true
TC_06,SA,100.0,0.95,0.1,10,4,7,25,0.037,true
TC_06,SA,100.0,0.95,0.1,10,5,7,25,0.035,true
TC_06,SA,100.0,0.99,0.1,10,1,7,25,0.046,true
TC_06,SA,100.0,0.99,0.1,10,2,7,25,0.039,true
TC_06,SA,100.0,0.99,0.1,10,3,7,25,0.034,true
TC_06,SA,100.0,0.99,0.1,10,4,7,25,0.045,true
TC_06,SA,100.0,0.99,0.1,10,5,7,25,0.045,true
TC_06,SA,100.0,0.999,0.1,10,1,7,25,0.088,true
TC_06,SA,100.0,0.999,0.1,10,2,7,25,0.093,true
TC_06,SA,100.0,0.999,0.1,10,3,7,25,0.109,true
TC_06,SA,100.0,0.999,0.1,10,4,7,25,0.071,true
TC_06,SA,100.0,0.999,0.1,10,5,7,25,0.111,true
TC_06,SA,200.0,0.9,0.1,10,1,7,25,0.052,true
TC_06,SA,200.0,0.9,0.1,10,2,7,25,0.047,true
TC_06,SA,200.0,0.9,0.1,10,3,7,25,0.043,true
TC_06,SA,200.0,0.9,0.1,10,4,7,25,0.054,true
TC_06,SA,200.0,0.9,0.1,10,5,7,25,0.043,true
TC_06,SA,200.0,0.95,0.1,10,1,7,25,0.041,true
TC_06,SA,200.0,0.95,0.1,10,2,7,25,0.037,true
TC_06,SA,200.0,0.95,0.1,10,3,7,25,0.042,true
TC_06,SA,200.0,0.95,0.1,10,4,7,25,0.041,true
TC_06,SA,200.0,0.95,0.1,10,5,7,25,0.046,true
TC_06,SA,200.0,0.99,0.1,10,1,7,25,0.056,true
TC_06,SA,200.0,0.99,0.1,10,2,7,25,0.059,true
TC_06,SA,200.0,0.99,0.1,10,3,7,25,0.05,true
TC_06,SA,200.0,0.99,0.1,10,4,7,25,0.058,true
TC_06,SA,200.0,0.99,0.1,10,5,7,25,0.063,true
TC_06,SA,200.0,0.999,0.1,10,1,7,25,0.094,true
TC_06,SA,200.0,0.999,0.1,10,2,7,25,0.083,true
TC_06,SA,200.0,0.999,0.1,10,3,7,25,0.086,true
TC_06,SA,200.0,0.999,0.1,10,4,7,25,0.088,true
TC_06,SA,200.0,0.999,0.1,10,5,7,25,0.08,true
TC_07,SA,50.0,0.9,0.1,10,1,4,14,0.049,true
TC_07,SA,50.0,0.9,0.1,10,2,4,14,0.051,true
TC_07,SA,50.0,0.9,0.1,10,3,4,14,0.047,true
TC_07,SA,50.0,0.9,0.1,10,4,4,14,0.043,true
TC_07,SA,50.0,0.9,0.1,10,5,4,14,0.044,true
TC_07,SA,50.0,0.95,0.1,10,1,4,14,0.042,true
TC_07,SA,50.0,0.95,0.1,10,2,4,14,0.043,true
TC_07,SA,50.0,0.95,0.1,10,3,4,14,0.042,true
TC_07,SA,50.0,0.95,0.1,10,4,4,14,0.045,true
TC_07,SA,50.0,0.95,0.1,10,5,4,14,0.044,true
TC_07,SA,50.0,0.99,0.1,10,1,4,14,0.049,true
TC_07,SA,50.0,0.99,0.1,10,2,4,14,0.052,true
TC_07,SA,50.0,0.99,0.1,10,3,4,14,0.054,true
TC_07,SA,50.0,0.99,0.1,10,4,4,14,0.053,true
TC_07,SA,50.0,0.99,0.1,10,5,4,14,0.048,true
TC_07,SA,50.0,0.999,0.1,10,1,4,14,0.124,true
TC_07,SA,50.0,0.999,0.1,10,2,4,14,0.09,true
TC_07,SA,50.0,0.999,0.1,10,3,4,14,0.103,true
TC_07,SA,50.0,0.999,0.1,10,4,4,14,0.094,true
TC_07,SA,50.0,0.999,0.1,10,5,4,14,0.092,true
TC_07,SA,100.0,0.9,0.1,10,1,4,14,0.041,true
TC_07,SA,100.0,0.9,0.1,10,2,4,14,0.04,true
TC_07,SA,100.0,0.9,0.1,10,3,4,14,0.036,true
TC_07,SA,100.0,0.9,0.1,10,4,4,14,0.038,true
TC_07,SA,100.0,0.9,0.1,10,5,4,14,0.043,true
TC_07,SA,100.0,0.95,0.1,10,1,4,14,0.039,true
TC_07,SA,100.0,0.95,0.1,10,2,4,14,0.043,true
TC_07,SA,100.0,0.95,0.1,10,3,4,14,0.039,true
TC_07,SA,100.0,0.95,0.1,10,4,4,14,0.046,true
TC_07,SA,100.0,0.95,0.1,10,5,4,14,0.043,true
TC_07,SA,100.0,0.99,0.1,10,1,4,14,0.057,true
TC_07,SA,100.0,0.99,0.1,10,2,4,14,0.048,true
TC_07,SA,100.0,0.99,0.1,10,3,4,14,0.047,true
TC_07,SA,100.0,0.99,0.1,10,4,4,14,0.052,true
TC_07,SA,100.0,0.99,0.1,10,5,4,14,0.055,true
TC_07,SA,100.0,0.999,0.1,10,1,4,14,0.096,true
TC_07,SA,100.0,0.999,0.1,10,2,4,14,0.088,true
TC_07,SA,100.0,0.999,0.1,10,3,4,14,0.091,true
TC_07,SA,100.0,0.999,0.1,10,4,4,14,0.094,true
TC_07,SA,100.0,0.999,0.1,10,5,4,14,0.086,true
TC_07,SA,200.0,0.9,0.1,10,1,4,14,0.032,true
TC_07,SA,200.0,0.9,0.1,10,2,4,14,0.043,true
TC_07,SA,200.0,0.9,0.1,10,3,4,14,0.047,true
TC_07,SA,200.0,0.9,0.1,10,4,4,14,0.052,true
TC_07,SA,200.0,0.9,0.1,10,5,4,14,0.043,true
TC_07,SA,200.0,0.95,0.1,10,1,4,14,0.045,true
TC_07,SA,200.0,0.95,0.1,10,2,4,14,0.051,true
TC_07,SA,200.0,0.95,0.1,10,3,4,14,0.065,true
TC_07,SA,200.0,0.95,0.1,10,4,4,14,0.072,true
TC_07,SA,200.0,0.95,0.1,10,5,4,14,0.032,true
TC_07,SA,200.0,0.99,0.1,10,1,4,14,0.038,true
TC_07,SA,200.0,0.99,0.1,10,2,4,14,0.045,true
TC_07,SA,200.0,0.99,0.1,10,3,4,14,0.052,true
TC_07,SA,200.0,0.99,0.1,10,4,4,14,0.055,true
TC_07,SA,200.0,0.99,0.1,10,5,4,14,0.051,true
TC_07,SA,200.0,0.999,0.1,10,1,4,14,0.114,true
TC_07,SA,200.0,0.999,0.1,10,2,4,14,0.112,true
TC_07,SA,200.0,0.999,0.1,10,3,4,14,0.099,true
TC_07,SA,200.0,0.999,0.1,10,4,4,14,0.105,true
TC_07,SA,200.0,0.999,0.1,10,5,4,14,0.091,true
TC_08,SA,50.0,0.9,0.1,10,1,9,34,0.046,true
TC_08,SA,50.0,0.9,0.1,10,2,9,34,0.054,true
TC_08,SA,50.0,0.9,0.1,10,3,9,34,0.049,true
TC_08,SA,50.0,0.9,0.1,10,4,9,34,0.049,true
TC_08,SA,50.0,0.9,0.1,10,5,9,34,0.049,true
TC_08,SA,50.0,0.95,0.1,10,1,9,34,0.054,true
TC_08,SA,50.0,0.95,0.1,10,2,9,34,0.056,true
TC_08,SA,50.0,0.95,0.1,10,3,9,34,0.051,true
TC_08,SA,50.0,0.95,0.1,10,4,9,34,0.052,true
TC_08,SA,50.0,0.95,0.1,10,5,9,34,0.05,true
TC_08,SA,50.0,0.99,0.1,10,1,9,34,0.059,true
TC_08,SA,50.0,0.99,0.1,10,2,9,34,0.06,true
TC_08,SA,50.0,0.99,0.1,10,3,9,34,0.063,true
TC_08,SA,50.0,0.99,0.1,10,4,9,34,0.06,true
TC_08,SA,50.0,0.99,0.1,10,5,9,34,0.062,true
TC_08,SA,50.0,0.999,0.1,10,1,9,34,0.094,true
TC_08,SA,50.0,0.999,0.1,10,2,9,34,0.097,true
TC_08,SA,50.0,0.999,0.1,10,3,9,34,0.103,true
TC_08,SA,50.0,0.999,0.1,10,4,9,34,0.1,true
TC_08,SA,50.0,0.999,0.1,10,5,9,34,0.098,true
TC_08,SA,100.0,0.9,0.1,10,1,9,34,0.054,true
TC_08,SA,100.0,0.9,0.1,10,2,9,34,0.058,true
TC_08,SA,100.0,0.9,0.1,10,3,9,34,0.057,true
TC_08,SA,100.0,0.9,0.1,10,4,9,34,0.058,true
TC_08,SA,100.0,0.9,0.1,10,5,9,34,0.061,true
TC_08,SA,100.0,0.95,0.1,10,1,9,34,0.071,true
TC_08,SA,100.0,0.95,0.1,10,2,9,34,0.049,true
TC_08,SA,100.0,0.95,0.1,10,3,9,34,0.043,true
TC_08,SA,100.0,0.95,0.1,10,4,9,34,0.049,true
TC_08,SA,100.0,0.95,0.1,10,5,9,34,0.046,true
TC_08,SA,100.0,0.99,0.1,10,1,9,34,0.054,true
TC_08,SA,100.0,0.99,0.1,10,2,9,34,0.048,true
TC_08,SA,100.0,0.99,0.1,10,3,9,34,0.063,true
TC_08,SA,100.0,0.99,0.1,10,4,9,34,0.052,true
TC_08,SA,100.0,0.99,0.1,10,5,9,34,0.074,true
TC_08,SA,100.0,0.999,0.1,10,1,9,34,0.102,true
TC_08,SA,100.0,0.999,0.1,10,2,9,34,0.105,true
TC_08,SA,100.0,0.999,0.1,10,3,9,34,0.103,true
TC_08,SA,100.0,0.999,0.1,10,4,9,34,0.102,true
TC_08,SA,100.0,0.999,0.1,10,5,9,34,0.086,true
TC_08,SA,200.0,0.9,0.1,10,1,9,34,0.051,true
TC_08,SA,200.0,0.9,0.1,10,2,9,34,0.056,true
TC_08,SA,200.0,0.9,0.1,10,3,9,34,0.058,true
TC_08,SA,200.0,0.9,0.1,10,4,9,34,0.046,true
TC_08,SA,200.0,0.9,0.1,10,5,9,34,0.06,true
TC_08,SA,200.0,0.95,0.1,10,1,9,34,0.054,true
TC_08,SA,200.0,0.95,0.1,10,2,9,34,0.061,true
TC_08,SA,200.0,0.95,0.1,10,3,9,34,0.052,true
TC_08,SA,200.0,0.95,0.1,10,4,9,34,0.043,true
TC_08,SA,200.0,0.95,0.1,10,5,9,34,0.054,true
TC_08,SA,200.0,0.99,0.1,10,1,9,34,0.068,true
TC_08,SA,200.0,0.99,0.1,10,2,9,34,0.056,true
TC_08,SA,200.0,0.99,0.1,10,3,9,34,0.054,true
TC_08,SA,200.0,0.99,0.1,10,4,9,34,0.048,true
TC_08,SA,200.0,0.99,0.1,10,5,9,34,0.065,true
TC_08,SA,200.0,0.999,0.1,10,1,9,34,0.113,true
TC_08,SA,200.0,0.999,0.1,10,2,9,34,0.194,true
TC_08,SA,200.0,0.999,0.1,10,3,9,34,0.126,true
TC_08,SA,200.0,0.999,0.1,10,4,9,34,0.107,true
TC_08,SA,200.0,0.999,0.1,10,5,9,34,0.113,true
